Детские товары; Детское питание;Молочная смесь;Пюре;Сок детский;Вода детская;Пеленки;Каша детская;Подгузники
Замороженные продукты; Блинчики;Блины;Вареники;Грибы замороженные;Замороженные овощи;Картофель фри;Котлеты;Котлеты полуфабрикат;Креветки замороженные;Лазанья замороженная;Мороженое;Наггетсы;Овощи замороженные;Овощная смесь;Пельмени;Пицца замороженная;Рр;Тесто;Тесто дрожжевое;Тесто слоеное;Фасоль стручковая замороженная;Ягоды замороженные
Молочные; Айран;Активия;Актимель;Бифидок;Брынза;Йогурт;Йогурт питьевой;Кефир;Козье молоко;Кумыс;Майонез;Майонез легкий;Майонез оливковый;Маргарин;Масло сливочное;Молоко;Молоко детское;Молоко концентрированное;Молоко пастеризованное;Молоко стерилизованное;Молоко топленое;Молочный коктейль;Моцарелла;Пармезан;Плавленный сырок;Простокваша;Ряженка;Сгущенка;Сгущеное молоко;Сливки;Сливки взбитые;Сливочное масло;Сметана;Сыр;Сыр адыгейский;Сыр в нарезке;Сыр для фондю;Сыр копченный;Сыр пармезан;Сыр плавленый;Сыр рассольный;Сыр российский;Сыр с плесенью;Сыр сулугуни;Сыр твердый;Сыр творожный;Сыр тертый;Сырки;Сырок глазированный;Сырок творожный;Тан;Творог;Творог детский;Творог зерненный;Творог нежирный;Творожная масса;Творожная масса с изюмом;Творожная масса с курогой;Творожок;Топленое молоко;Фета
Хлебобулочные; Багет;Баранки;Батон;Булка;Булочки;Лаваш;Лаваш армянский;Лаваш грузинский;Лепешки;Пасха;Пита;Пицца свежая;Сухари;Сухарики;Хлеб;Хлеб белковый;Хлеб белый;Хлеб зерновой;Хлеб с отрубями;Хлеб серый;Хлеб тостовый;Хлеб черный;Хлебцы;Черный хлеб
Сладости; Варенье;Вафельный торт;Вафли;Джем;Жвачка;Жевательная резинка;Зефир;Зефир в шоколаде;Что-нибудь к чаю;Карамель;Кекс с изюмом;Кекс творожный;Кексы;Козинаки;Конфеты;Конфитюр;Коржи для тортов;Круассаны;Леденцы;Мармелад;Мармелад в шоколаде;Мармелад жевательный;Мед;Орехи в глазури;Пастила;Пахлава;Печенье;Печеньки;Пирожные;Подушечки;Пряники;Рогалики;Рулет с джемом;Рулет с маком;Сироп;Сладкое;Слойки;Суфле;Сухофрукты в глазури;Сушки;Тарталетки;Торт;Тортилья;Фрукты в шоколаде;Халва;Шоколад;Шоколадка;Шоколадная паста;Шоколадный батончик;Вафли
Мясо/Рыба; Баранина;Бекон;Ветчина;Говядина;Грудинка;Гусь;Индейка;Колбаса;Колбаса вареная;Колбаса докторская;Колбаса копченая;Колбаса сыровяленая;Колбаса сырокопченая;Колбаски копченные;Кости;Суп набор;Крабовые палочки;Кролик;Крылышки куриные;Курица;Курица-гриль;Куриная грудка;Куриное филе;Куриные бедра;Куриные ножки;Мясо;Набор д/супа;Ножки индейки;Ножки куриные;Окорочка куриные;Паштет;Перепела;Печень говяжья;Печень куриная;Печень свиная;Полуфабрикаты из индейки;Полуфабрикаты из курицы;Почки говяжьи;Почки мясные;Рулька;Сало;Сардельки;Свинина;Сердечки куриные;Сосиски;Суповой набор;Телятина;Тушенка;Утка;Фарш;Фарш из курицы;Фарш мясной;Филе индейки;Филе куриное;Цыпленок;Шашлык;Шашлыки;Язык говяжий;Язык свиной;Яйцо куриное;Яйцо перепелиное;Анчоусы;Зубатка;Икра красная;Икра черная;Кальмары;Камбала;Карп;Кефаль;Крабовые палочки;Красная рыба;Креветки;Лосось;Мидии маринованные;Гребешки;Минтай;Морепродукты;Окунь;Палтус;Печень трески;Рыба;Рыба в маринаде;Рыба гор. копчения;Рыба замороженная;Рыба копченая белая;Рыба копченая красная;Рыба красная;Рыба свежая;Рыба слабой соли;Рыба соленая белая;Рыба соленая красная;Рыба хол. копчения;Сайра;Салат из морской капусты;Селедка;Сельдь;Семга;Сибасс;Скумбрия;Скумбрия в консервах;Щука;Судак;Треска;Тунец в консервах;Угорь;Фарш рыбный;Форель
Напитки, соки; Вода;Вода минеральная;Вода питьевая;Квас;Кола;Лимонад;Минералка;Минеральная вода;Морс;Пепси;Попкорн;Сок;Сок апельсиновый;Сок томатный;Сок яблочный;Спрайт;Тоник;Холодный чай;Энергетический напиток
Фрукты/Овощи; Абрикосы;Авокадо;Ананасы;Апельсины;Арахис;Арбуз;Базилик;Баклажаны;Бананы;Болгарский перец;Брокколи;Брусника;Виноград;Виноград зеленый;Виноград киш-миш;Виноград черный;Вишня;Голубика;Гранат;Грейпфрут;Грецкие орехи;Грибы;Грибы маринованные;Грибы свежие;Грибы сушеные;Груши;Дыня;Ежевика;Зеленый лук;Зелень;Земляника;Изюм;Имбирь;Инжир;Кабачки;Капуста;Капуста белокочанная;Капуста брокколи;Капуста квашенная;Капуста краснокочанная;Капуста пекинская;Капуста по-корейски;Капуста цветная;Картофель;Картошка;Кедровые орехи;Кешью;Киви;Кизил;Кинза;Клубника;Клюква;Кукуруза;Курага;Лайм;Лимон;Лимонное сорго;Лимоны;Листья салата;Личи;Лук;Лук зеленый;Лук порей;Лук репчатый;Малина;Манго;Мандарины;Маракуйя;Маринованные помидоры;Маслины;Морковка;Морковь;Морковь по-корейски;Мята;Нектарины;Овощи;Огурцы;Огурцы свежие;Огурцы соленые;Оливки;Орехи;Орехи кешью;Пекинская капуста;Перец;Перец болгарский;Перец острый;Перец сладкий;Перец стручковый;Персики;Перцы;Петрушка;Помело;Помидоры;Помидоры черри;Редис;Редиска;Редька;Репка;Розмарин;Руккола;Салат;Салат айсберг;Салат ромейн;Свекла;Сельдерей;Семечки;Сливы;Смородина;Сухофрукты;Тархун;Тимьян;Томаты;Тыква;Укроп;Фасоль;Фасоль стручковая;Фейхоа;Финики;Фрукты;Фундук;Хурма;Цветная капуста;Цукини;Чабрец;Черешня;Черника;Чернослив;Чеснок;Чеснок маринованный;Шампиньоны;Шпинат;Щавель;Яблоки;Яблоки зеленые
Виноводочный; Абсент;Бальзам;Бренди;Вермут;Вино;Вино белое;Вино красное;Вино сливовое;Виски;Водка;Зажигалка;Коньяк;Ликер;Мартини;Пиво;Ром;Самбука;Сигареты;Сигары;Сидр;Табак нюхательный;Текила;Хмельной мед;Чинзано;Шампанское
Бакалея; Аджика;Арахис соленый;Бульоны в кубиках;Ванилин;Ванильный сахар;Вермишель;Геркулес;Горох;Горошек консервированный;Горчица;Горячий шоколад;Греча;Гречка;Доширак;Дрожжи;Дрожжи сухие;Желатин;Зеленый горошек;Икра кабачковая;Какао;Картофель сухой;Каша;Каша 4х зерновая;Каша манная;Каша овсяная;Кетчуп;Кисель;Консервы;Корица;Кофе;Кофе зерновой;Кофе молотый;Кофе растворимый;Кофейный напиток;Крахмал;Кремы сухие;Крупа пшеничная;Крупа ячневая;Кукуруза консервированная;Кунжут;Лавровый лист;Лапша;Лимонная кислота;Макароны;Манка;Масло кукурузное;Масло оливковое;Масло подсолнечное;Масло рапсовое;Масло растительное;Масло соевое;Миндаль;Миндаль соленый;Морская капуста;Мука;Мука для блинов;Мюсли;Овсянка;Огурцы консервированные;Оливковое масло;Отруби;Перец консервированный;Перец красный;Перец молотый;Перец черный;Перловка;Подсолнечное масло;Приправы;Пшено;Разрыхлитель;Растительное масло;Рис;Рыба вяленная;Сахар;Сахар рафинад;Сахарная пудра;Сахарный песок;Смесь для глинтвейна;Сода пищевая;Соевый соус;Соль;Соль морская;Сорбит;Соус;Спагетти;Специи;Сухарики пшеничные;Сухарики ржаные;Томатная паста;Томаты консервированные;Уксус;Уксус винный;Уксус яблочный;Фасоль консервированная;Фисташки соленые;Хлопья;Хлопья кукурузные;Хлопья овсяные;Хлопья рисовые;Хрен;Цикорий;Чай;Чай в пакетиках;Чай гранулированный;Чай зеленый;Чай зеленый, пакетики;Чай листовой зеленый;Чай листовой черный;Чай травяной;Чай фруктовый;Чай черный;Чай черный, пакетики;Чечевица;Чипсы
Товары для дома; Аккумулятор;Антистатик;Ароматизатор;Банка;Батарейки;Блок для туалета;Бокалы;Бумага для выпечки;Бумажные полотенца;Ваза;Валик;Вантуз;Ведро;Веник;Венчик;Вешалка;Вилки;Воск для обуви;Гель для чистки плиты;Гладильная доска;Графин;Губки для посуды;Дуршлаг;Ершик;Жидкость для мытья посуды;Жидкость для розжига;Замок;Зубочистки;Изолента;Инсектицид;Интернет;Кабель;Канистра;Карниз;Картина;Картридж;Кастрюля;Качели;Кисть;Клеенка;Клейкая лента;Коврик;Ковш;Кондиционер для белья;Контейнер пищевой;Конфетница;Корзина;Кофейник;Краска для обуви;Крем для обуви;Кровать;Кронштейн;Кружка;Крышка;Крючки;Кувшин;Кусачки;Лампа;Лампочка;Лежак;Ленор;Лобзик;Лопатка;Мангал;Матрас;Мельница;Мерный стакан;Метизы;Метла;Мешки для мусора;Миска;Молоток;Монтажная пена;Мусорные пакеты;Мыло;Мыло жидкое;Мыло хозяйственное;Мыльница;Набор инструментов;Набор посуды;Наволочка;Наматрасник;Насадка для швабры;Насос;Нитки;Нож;Ножовка;Обои;Овощерезка;Овощечистка;Одеяло;Одноразовая посуда;Ополаскиватель для белья;Освежитель воздуха;Отбеливатель;Отвертка;Пакет;Пакеты;Пакеты для мусора;Паловник;Пемолюкс;Пепельница;Переходник;Перфоратор;Перчатки резиновые;Плед;Пленка пищевая;Плечики;Плинтус;Плоскогубцы;Поднос;Пододеяльник;Подсвечник;Подставка под горячее;Подушка;Покрывало;Полироль для мебели;Полка;Полотенца бумажные;Полотенце;Порошок для посудомойки;Порошок стиральный;Постельное белье;Посуда;Пппп;Прищепки;Провод;Пропитка для кожи;Простынь;Противень;Пятновыводитель;Разделочная доска;Растворитель;Рейлинги;Репеллент;Решетка;Розетка;Розжиг;Рукав для запекания;Рулетка;Рюмки;Салатник;Салфетки бумажные;Саморезы;Сахарница;Светильник;Свечи;Сейф;Секатор;Сервиз;Сито;Скалка;Скатерть;Сковорода;Скороварка;Скребок;Смеситель;Совок;Соль для посудомойки;Сотейник;Спички;Спрей для обуви;Средство для мытья полов;Средство для мытья посуды;Средство для чистки унитаза;Средство от комаров;Стакан;Стаканы;Стеклоочиститель;Стельки;Стиральный порошок;Стол;Стремянка;Стул;Сушилка для белья;Таблетки для посудомойки;Таз;Тарелки;Терка;Термос;Толкушка;Торшер;Тройник;Тряпки;Турка;Уголь;Удлинитель;Уплотнитель;Уровень;Утеплитель;Фейри;Фильтр;Фильтр для воды;Фильтры для воды;Фильтры для кофе;Фольга;Фонарь;Фондю;Форма для выпечки;Фужеры;Фумигатор;Фурнитура;Хлебница;Хозяйственное мыло;Циновка;Чайник;Чашка;Черпак;Чехол для одежды;Чистящий порошок;Шампунь для ковров;Шатер;Швабра;Шкатулка;Шланг;Шнурки;Шпагат;Штопор;Шумовка;Щетка
